-- phpMyAdmin SQL Dump
-- version 3.5.1
-- http://www.phpmyadmin.net
--
-- Client: localhost
-- Généré le: Mar 31 Juillet 2012 à 23:08
-- Version du serveur: 5.5.25
-- Version de PHP: 5.4.4

SET SQL_MODE="NO_AUTO_VALUE_ON_ZERO";
SET time_zone = "+00:00";

--
-- Base de données: `opencomp`
--

--
-- Contenu de la table `academies`
--

INSERT INTO `academies` (`id`, `name`, `type`) VALUES
(1, 'Aix-Marseille', 0),
(2, 'Amiens', 0),
(3, 'Besançon', 0),
(4, 'Bordeaux', 0),
(5, 'Caen', 0),
(6, 'Clermont-Ferrand', 0),
(7, 'Corse', 0),
(8, 'Créteil', 0),
(9, 'Dijon', 0),
(10, 'Grenoble', 0),
(11, 'Guadeloupe', 0),
(12, 'Guyanne', 0),
(13, 'Lille', 0),
(14, 'Limoges', 0),
(15, 'Lyon', 0),
(16, 'Martinique', 0),
(17, 'Montpellier', 0),
(18, 'Nancy-Metz', 0),
(19, 'Nantes', 0),
(20, 'Nice', 0),
(21, 'Orléans-Tours', 0),
(22, 'Paris', 0),
(23, 'Poitiers', 0),
(24, 'Reims', 0),
(25, 'Rennes', 0),
(26, 'La Réunion', 0),
(27, 'Rouen', 0),
(28, 'Strasbourg', 0),
(29, 'Toulouse', 0),
(30, 'Mayotte', 1),
(31, 'Nouvelle-Calédonie', 1),
(32, 'Polynésie française', 1),
(33, 'Wallis-et-Futuna', 1),
(34, 'Saint-Pierre-et-Miquelon', 2);

--
-- Contenu de la table `cycles`
--

INSERT INTO `cycles` (`id`, `title`) VALUES
(1, 'Cycle 1'),
(2, 'Cycle 2'),
(4, 'Cycle 3');

--
-- Contenu de la table `levels`
--

INSERT INTO `levels` (`id`, `title`, `cycle_id`) VALUES
(2, 'CP', 2),
(3, 'CE1', 2),
(4, 'CE2', 4),
(5, 'CM1', 4),
(6, 'CM2', 4),
(7, 'CLIS', 0),
(8, 'CLIN', 0);

--
-- Contenu de la table `competences`
--

INSERT INTO `competences` (`id`, `parent_id`, `lft`, `rght`, `title`) VALUES
(4, NULL, 1, 48, 'Français'),
(5, 4, 2, 9, 'Langage oral'),
(6, 5, 5, 6, 'Raconter, décrire, exposer'),
(7, 5, 3, 4, 'Échanger, débattre'),
(8, 5, 7, 8, 'Réciter'),
(9, 4, 10, 11, 'Lecture'),
(10, 4, 12, 13, 'Littérature'),
(11, 4, 14, 15, 'Écriture'),
(12, 4, 16, 17, 'Rédaction'),
(13, 4, 18, 27, 'Vocabulaire'),
(14, 13, 19, 20, 'Acquisition du vocabulaire'),
(15, 13, 21, 22, 'Maîtrise du sens des mots'),
(16, 13, 23, 24, 'Les familles de mots'),
(17, 13, 25, 26, 'Utilisation du dictionnaire'),
(18, 4, 28, 39, 'Grammaire'),
(19, 18, 29, 30, 'La phrase'),
(20, 18, 31, 32, 'Les classes de mots'),
(21, 18, 33, 34, 'Les fonctions'),
(22, 18, 35, 36, 'Le verbe'),
(23, 18, 37, 38, 'Les accords'),
(24, 4, 40, 47, 'Orthographe'),
(25, 24, 41, 42, 'Compétences grapho-phonétiques'),
(26, 24, 43, 44, 'Orthographe grammaticale'),
(27, 24, 45, 46, 'Orthographe lexicale'),
(28, NULL, 49, 86, 'Mathématiques'),
(29, 28, 50, 67, 'Nombres et calcul'),
(30, 29, 51, 52, 'Les nombres entiers jusqu''au million'),
(31, 29, 53, 54, 'Les nombres entiers jusqu''au milliard'),
(32, 29, 55, 56, 'Fractions'),
(33, 29, 57, 58, 'Nombres décimaux'),
(34, 29, 59, 66, 'Calcul sur des nombres entiers'),
(35, 34, 60, 61, 'Calculer mentalement'),
(36, 34, 62, 63, 'Effectuer un calcul posé'),
(37, 34, 64, 65, 'Problèmes'),
(38, 28, 68, 75, 'Géométrie'),
(39, 38, 69, 70, 'Dans le plan'),
(40, 38, 71, 72, 'Dans l''espace'),
(41, 38, 73, 74, 'Problèmes de reproduction, de construction'),
(42, 28, 76, 83, 'Grandeurs et mesures'),
(43, 42, 77, 78, 'Aires'),
(44, 42, 79, 80, 'Angles'),
(45, 42, 81, 82, 'Problèmes'),
(46, 28, 84, 85, 'Organisation et gestion de données'),
(47, NULL, 87, 96, 'Éducation Physique et Sportive'),
(48, 47, 88, 89, 'Réaliser une performance mesurée (distance, temps)'),
(49, 47, 90, 91, 'Adapter ses déplacements à différents types d''environnements'),
(50, 47, 92, 93, 'Coopérer et s''opposer individuellement et collectivement'),
(51, 47, 94, 95, 'Concevoir et réaliser des actions à visées expressive, artistique, esthétique'),
(52, NULL, 97, 98, 'Langue vivante'),
(53, NULL, 99, 116, 'Sciences expérimentales et technologie'),
(54, 53, 100, 101, 'Le ciel et la terre'),
(55, 53, 102, 103, 'La matière'),
(56, 53, 104, 105, 'L''énergie'),
(57, 53, 106, 107, 'L''unité et la diversité du vivant'),
(58, 53, 108, 109, 'Le fonctionnement du vivant'),
(59, 53, 110, 111, 'Le fonctionnement du corps humain et la santé'),
(60, 53, 112, 113, 'Les êtres vivants dans leur environnement'),
(61, 53, 114, 115, 'Les objets techniques'),
(62, NULL, 117, 164, 'Culture humaniste'),
(63, 62, 118, 131, 'Histoire'),
(64, 63, 119, 120, 'La Préhistoire'),
(65, 63, 121, 122, 'L''Antiquité'),
(66, 63, 123, 124, 'Le Moyen Âge'),
(67, 63, 125, 126, 'Les temps modernes'),
(68, 63, 127, 128, 'La Révolution française et le XIXème siècle'),
(69, 63, 129, 130, 'Le XXème siècle et notre époque'),
(70, 62, 132, 145, 'Géographie'),
(72, 70, 133, 134, 'Des réalités géographiques locales à la région où vivent les élèves'),
(73, 70, 135, 136, 'Le territoire français dans l''Union Européenne'),
(74, 70, 137, 138, 'Les français dans le contexte européen'),
(75, 70, 139, 140, 'Se déplacer en France et en Europe'),
(76, 70, 141, 142, 'Produire en France'),
(77, 70, 143, 144, 'La France dans le monde'),
(78, 62, 146, 151, 'Pratiques artistiques'),
(79, 78, 147, 148, 'Arts visuels'),
(80, 78, 149, 150, 'Éducation musicale'),
(81, 62, 152, 163, 'Histoire de l''art'),
(82, 81, 153, 154, 'La Préhistoire et l''Antiquité Gallo-Romaine'),
(83, 81, 155, 156, 'Le Moyen Âge'),
(84, 81, 157, 158, 'Les temps modernes'),
(85, 81, 159, 160, 'Le XIXème siècle'),
(86, 81, 161, 162, 'Le XXème siècle et notre époque'),
(87, NULL, 165, 166, 'Techniques Usuelles de l''Information et de la Communication'),
(88, NULL, 167, 168, 'Instruction civique et morale');

--
-- Contenu de la table `items`
--

INSERT INTO `items` (`id`, `title`, `competence_id`, `place`, `type`, `user_id`, `classroom_id`) VALUES
(1, 'Faire un récit structuré et compréhensible pour un tiers ignorant des faits rapportés ou de l''histoire racontée', 6, 0, 1, NULL, NULL),
(2, 'Inventer et modifier des histoires', 6, 0, 1, NULL, NULL),
(3, 'Décrire une image', 6, 0, 1, NULL, NULL),
(4, 'Exprimer des sentiments en s''exprimant en phrases correctes et dans un vocabulaire approprié', 6, 0, 1, NULL, NULL),
(5, 'Décrire un objet, présenter un travail à la classe en s''exprimant en phrases correctes et dans un vocabulaire approprié', 6, 0, 1, NULL, NULL),
(6, 'Écouter et prendre en compte ce qui a été dit. Questionner afin de mieux comprendre. ', 7, 0, 1, NULL, NULL),
(7, 'Exprimer et justifier un accord ou un désaccord, émettre un point de vue personnel motivé. ', 7, 0, 1, NULL, NULL),
(8, 'Demander et prendre la parole à bon escient. ', 7, 0, 1, NULL, NULL),
(9, 'Réagir à l’exposé d’un autre élève en apportant un point de vue motivé. ', 7, 0, 1, NULL, NULL),
(10, 'Participer à un débat en respectant les tours de parole et les règles de la politesse. ', 7, 0, 1, NULL, NULL),
(11, 'Présenter à la classe un travail collectif. ', 7, 0, 1, NULL, NULL),
(12, 'Participer aux échanges de manière constructive : rester dans le sujet,', 7, 0, 1, NULL, NULL),
(13, 'Participer aux échanges de manière constructive : situer son propos par rapport aux autres,', 7, 0, 1, NULL, NULL),
(14, 'Participer aux échanges de manière constructive : apporter des arguments,', 7, 0, 1, NULL, NULL),
(15, 'Participer aux échanges de manière constructive : mobiliser des connaissances,', 7, 0, 1, NULL, NULL),
(16, 'Participer aux échanges de manière constructive : respecter les règles habituelles de la communication.', 7, 0, 1, NULL, NULL),
(17, 'Dire sans erreur et de manière expressive des textes en prose ou des poèmes (une dizaine).', 8, 0, 1, NULL, NULL),
(18, 'Lire les consignes de travail, les énoncés de problèmes dont le vocabulaire difficile ou nouveau a été élucidé par le maître. ', 9, 0, 1, NULL, NULL),
(19, 'Lire à haute voix avec fluidité et de manière expressive un extrait de texte, après préparation. ', 9, 0, 1, NULL, NULL),
(20, 'Lire silencieusement un texte littéraire ou documentaire et le comprendre (reformuler, répondre à des questions sur ce texte). ', 9, 0, 1, NULL, NULL),
(21, 'Repérer dans un texte des informations explicites en s’appuyant en particulier sur le titre, l’organisation (phrases, paragraphes), le vocabulaire.', 9, 0, 1, NULL, NULL),
(22, 'Reconnaître les marques de ponctuation. ', 9, 0, 1, NULL, NULL),
(23, 'Dans un récit, s’appuyer sur le repérage des différents termes désignant un personnage, ', 9, 0, 1, NULL, NULL),
(24, 'Dans un récit, s’appuyer sur les temps des verbes et sur les mots de liaison exprimant les relations temporelles pour comprendre avec précision la chronologie des événements, ', 9, 0, 1, NULL, NULL),
(25, 'Dans un récit, s’appuyer sur le repérage des différents termes désignant un personnage, sur les deux-points et guillemets pour repérer les paroles des personnages.', 9, 0, 1, NULL, NULL),
(26, 'Lire un texte documentaire, descriptif ou narratif, et restituer à l’oral ou par écrit l’essentiel du texte (sujet du texte, objet de la description, trame de l’histoire, relations entre les personnages...).', 9, 0, 1, NULL, NULL),
(27, 'Adopter une stratégie pour parvenir à comprendre : repérer des mots inconnus et incompris, relire, questionner, recourir au dictionnaire, etc.', 9, 0, 1, NULL, NULL),
(28, 'Se repérer dans une bibliothèque habituellement fréquentée pour choisir et emprunter un livre.', 9, 0, 1, NULL, NULL),
(29, 'Lire sans aide les consignes du travail scolaire, les énoncés de problèmes.', 9, 0, 1, NULL, NULL),
(30, 'Lire à haute voix avec fluidité et de manière expressive un texte d’une dizaine de lignes, après préparation.', 9, 0, 1, NULL, NULL),
(31, 'Lire silencieusement un texte littéraire ou documentaire et le comprendre (reformuler, résumer, répondre à des questions sur ce texte).', 9, 0, 1, NULL, NULL),
(32, 'Repérer dans un texte des informations explicites et en inférer des informations nouvelles (implicites).', 9, 0, 1, NULL, NULL),
(33, 'Dans un récit ou une description, s’appuyer sur les mots de liaison qui marquent les relations spatiales et sur les compléments de lieu pour comprendre avec précision la configuration du lieu de l’action ou du lieu décrit.', 9, 0, 1, NULL, NULL),
(34, 'Comprendre l’usage de l’imparfait et du passé simple dans un récit, du présent dans un texte scientifique ou documentaire.', 9, 0, 1, NULL, NULL),
(35, 'Saisir l’atmosphère ou le ton d’un texte descriptif, narratif ou poétique, en s’appuyant en particulier sur son vocabulaire.', 9, 0, 1, NULL, NULL),
(36, 'Participer à un débat sur un texte en confrontant son interprétation à d’autres de manière argumentée.', 9, 0, 1, NULL, NULL),
(37, 'Utiliser les outils usuels de la classe (manuels, affichages, etc.) pour rechercher une information, surmonter une difficulté.', 9, 0, 1, NULL, NULL),
(38, 'Effectuer des recherches, avec l’aide de l’adulte, dans des ouvrages documentaires (livres ou produits multimédia).', 9, 0, 1, NULL, NULL),
(39, 'Lire sans aide une leçon dans un manuel après un travail en classe sur le sujet.', 9, 0, 1, NULL, NULL),
(40, 'S’appuyer sur les mots de liaison et les expressions qui marquent les relations logiques pour comprendre avec précision l’enchaînement d’une action ou d’un raisonnement.', 9, 0, 1, NULL, NULL),
(41, 'Repérer les effets de choix formels (emplois de certains mots, utilisation d’un niveau de langue bien caractérisé, etc.).', 9, 0, 1, NULL, NULL),
(42, 'Effectuer, seul, des recherches dans des ouvrages documentaires (livres, produits multimédia).', 9, 0, 1, NULL, NULL),
(43, 'Se repérer dans une bibliothèque, une médiathèque.', 9, 0, 1, NULL, NULL),
(44, 'Lire une œuvre intégrale ou de larges extraits d’une œuvre longue.', 10, 0, 1, NULL, NULL),
(45, 'Rendre compte des œuvres lues, donner son point de vue à leur propos.', 10, 0, 1, NULL, NULL),
(46, 'Raconter de mémoire, ou en s’aidant de quelques images des histoires lues dans les années ou les mois antérieurs ; connaître leur titre.', 10, 0, 1, NULL, NULL),
(47, 'Établir des relations entre des textes ou des œuvres : même auteur, même thème, même personnage, etc.', 10, 0, 1, NULL, NULL),
(48, 'Lire au moins un ouvrage par trimestre et en rendre compte ; choisir un extrait caractéristique et le lire à haute voix.', 10, 0, 1, NULL, NULL),
(49, 'Adapter son comportement de lecteur aux difficultés rencontrées : notes pour mémoriser, relecture, demande d’aide, etc.', 10, 0, 1, NULL, NULL),
(50, 'Se rappeler le titre et l’auteur des œuvres lues.', 10, 0, 1, NULL, NULL),
(51, 'Participer à un débat sur une œuvre en confrontant son point de vue à d’autres de manière argumentée.', 10, 0, 1, NULL, NULL),
(52, 'Lire au moins cinq ouvrages dans l’année scolaire et en rendre compte.', 10, 0, 1, NULL, NULL),
(53, 'Choisir un extrait caractéristique et le lire à haute voix.', 10, 0, 1, NULL, NULL),
(54, 'Expliciter des choix de lecture, des préférences.', 10, 0, 1, NULL, NULL),
(55, 'Raconter de mémoire une œuvre lue.', 10, 0, 1, NULL, NULL),
(56, 'Citer de mémoire un court extrait caractéristique.', 10, 0, 1, NULL, NULL),
(57, 'Rapprocher des œuvres littéraires, à l’oral et à l’écrit.', 10, 0, 1, NULL, NULL),
(58, 'Copier sans erreur (formation des lettres, orthographe, ponctuation) un texte de cinq à dix lignes en soignant la présentation.', 11, 0, 1, NULL, NULL),
(59, 'En particulier, copier avec soin, en respectant la mise en page, un texte en prose ou poème appris en récitation.', 11, 0, 1, NULL, NULL),
(60, 'Copier sans erreur un texte d’une dizaine de lignes, en respectant la mise en page s’il y a lieu.', 11, 0, 1, NULL, NULL),
(61, 'Copier sans erreur un texte d’au moins quinze lignes en lui donnant une présentation adaptée.', 11, 0, 1, NULL, NULL),
(62, 'Dans les diverses activités scolaires, proposer une réponse écrite, explicite et énoncée dans une forme correcte.', 12, 0, 1, NULL, NULL),
(63, 'Rédiger un court texte narratif en veillant à sa cohérence temporelle (temps des verbes),', 12, 0, 1, NULL, NULL),
(64, 'Rédiger un court texte narratif en veillant à sa précision (dans la nomination des personnages et par l’usage d’adjectifs qualificatifs),', 12, 0, 1, NULL, NULL),
(65, 'Rédiger un court texte narratif en veillant en évitant les répétitions par l’usage de synonymes, ', 12, 0, 1, NULL, NULL),
(66, 'Rédiger un court texte narratif en veillant en respectant les contraintes syntaxiques et orthographiques ainsi que la ponctuation.', 12, 0, 1, NULL, NULL),
(67, 'Rédiger un court dialogue (formulation des questions et des ordres).', 12, 0, 1, NULL, NULL),
(68, 'Savoir amplifier une phrase en ajoutant des mots : en coordonnant par et un nom à un autre, un adjectif à un autre, un verbe à un autre.', 12, 0, 1, NULL, NULL),
(69, 'Améliorer (corriger et enrichir) un texte en fonction des remarques et aides du maître.', 12, 0, 1, NULL, NULL),
(70, 'Dans les diverses activités scolaires, noter des idées, des hypothèses, des informations utiles au travail scolaire.', 12, 0, 1, NULL, NULL),
(71, 'Rédiger un court dialogue (formulation des questions et des ordres).', 12, 0, 1, NULL, NULL),
(72, 'Rédiger des textes courts de différents types (récits, descriptions, portraits) en veillant à leur cohérence, ', 12, 0, 1, NULL, NULL),
(73, 'Rédiger des textes courts de différents types (récits, descriptions, portraits) en veillant à leur précision (pronoms, mots de liaison, relations temporelles en particulier)', 12, 0, 1, NULL, NULL),
(74, 'Rédiger des textes courts de différents types (récits, descriptions, portraits) en évitant les répétitions.', 12, 0, 1, NULL, NULL),
(75, 'Savoir amplifier une phrase simple par l’ajout d’éléments coordonnés (et, ni, ou, mais entre des mots ou des phrases simples ; car, donc entre des phrases simples), d’adverbes, de compléments circonstanciels et par l’enrichissement des groupes nominaux.', 12, 0, 1, NULL, NULL),
(76, 'Dans les diverses activités scolaires, prendre des notes utiles au travail scolaire.', 12, 0, 1, NULL, NULL),
(77, 'Maîtriser la cohérence des temps dans un récit d’une dizaine de lignes.', 12, 0, 1, NULL, NULL),
(78, 'Rédiger différents types de textes d’au moins deux paragraphes en veillant à leur cohérence, ', 12, 0, 1, NULL, NULL),
(79, 'Rédiger différents types de textes d’au moins deux paragraphes en évitant les répétitions,', 12, 0, 1, NULL, NULL),
(80, 'Rédiger différents types de textes d’au moins deux paragraphes en respectant les contraintes syntaxiques et orthographiques ainsi que la ponctuation.', 12, 0, 1, NULL, NULL),
(81, 'Écrire un texte de type poétique en obéissant à une ou plusieurs consignes précises.', 12, 0, 1, NULL, NULL),
(82, 'Utiliser à bon escient des termes appartenant aux lexiques des repères temporels, de la vie quotidienne et du travail scolaire.', 14, 0, 1, NULL, NULL),
(83, 'Utiliser les termes exacts qui correspondent aux notions étudiées dans les divers domaines scolaires.', 14, 0, 1, NULL, NULL),
(84, 'Savoir ce qu’est une abréviation (ex. “adj.” dans un article de dictionnaire).', 14, 0, 1, NULL, NULL),
(85, 'Utiliser à bon escient des termes afférents aux actions, sensations et jugements.', 14, 0, 1, NULL, NULL),
(86, 'Commencer à utiliser des termes renvoyant à des notions abstraites (émotions, sentiments, devoirs, droits).', 14, 0, 1, NULL, NULL),
(87, 'Comprendre des sigles.', 14, 0, 1, NULL, NULL),
(88, 'Dans un texte, relever les mots d’un même domaine.', 15, 0, 1, NULL, NULL),
(89, 'Utiliser des synonymes et des mots de sens contraire dans les activités d’expression orale et écrite.', 15, 0, 1, NULL, NULL),
(90, 'Préciser, dans son contexte, le sens d’un mot connu.', 15, 0, 1, NULL, NULL),
(91, 'Distinguer un mot connu d’autres sens possibles.', 15, 0, 1, NULL, NULL),
(92, 'Utiliser le contexte pour comprendre un mot inconnu.', 15, 0, 1, NULL, NULL),
(93, 'Vérifier son sens dans le dictionnaire.', 15, 0, 1, NULL, NULL),
(94, 'Définir un mot connu en utilisant un terme générique adéquat (mots concrets : ex. un pommier est un arbre fruitier).', 15, 0, 1, NULL, NULL),
(95, 'Commencer à identifier les différents niveaux de langue.', 15, 0, 1, NULL, NULL),
(96, 'Distinguer les différents sens d’un verbe selon sa construction (ex. jouer, jouer quelque chose, jouer à, jouer de, jouer sur).', 15, 0, 1, NULL, NULL),
(97, 'Identifier l’utilisation d’un mot ou d’une expression au sens figuré.', 15, 0, 1, NULL, NULL),
(98, 'Classer des mots de sens voisin en repérant les variations d’intensité (ex. bon, délicieux, succulent).', 15, 0, 1, NULL, NULL),
(99, 'Définir un mot connu en utilisant un terme générique adéquat et en y ajoutant les précisions spécifiques à l’objet défini.', 15, 0, 1, NULL, NULL),
(100, 'Construire ou compléter des familles de mots.', 16, 0, 1, NULL, NULL),
(101, 'Regrouper des mots selon le sens de leur préfixe.', 16, 0, 1, NULL, NULL),
(102, 'Regrouper des mots selon le sens de leur suffixe.', 16, 0, 1, NULL, NULL),
(103, 'Connaître et utiliser oralement le vocabulaire concernant la construction des mots (radical, préfixe, suffixe, famille).', 16, 0, 1, NULL, NULL),
(104, 'Utiliser la construction d’un mot inconnu pour le comprendre.', 16, 0, 1, NULL, NULL),
(105, 'Regrouper des mots selon leur radical.', 16, 0, 1, NULL, NULL),
(106, 'Regrouper des mots selon le sens de leur préfixe et connaître ce sens, en particulier celui des principaux préfixes exprimant des idées de lieu ou de mouvement.', 16, 0, 1, NULL, NULL),
(107, 'Regrouper des mots selon le sens de leur suffixe et connaître ce sens.', 16, 0, 1, NULL, NULL),
(108, 'Pour un mot donné, fournir un ou plusieurs mots de la même famille en vérifiant qu’il(s) existe(nt).', 16, 0, 1, NULL, NULL),
(109, 'Savoir épeler un mot.', 17, 0, 1, NULL, NULL),
(110, 'Connaître l’ordre alphabétique.', 17, 0, 1, NULL, NULL),
(111, 'Savoir classer des mots par ordre alphabétique.', 17, 0, 1, NULL, NULL),
(112, 'Utiliser le dictionnaire pour rechercher le sens d’un mot', 17, 0, 1, NULL, NULL),
(113, 'Dans une définition de dictionnaire, identifier le terme générique.', 17, 0, 1, NULL, NULL),
(114, 'Utiliser le dictionnaire pour vérifier le sens d’un mot (en particulier quand il en a plusieurs), ou sa classe, ou son orthographe, ou son niveau de langue.', 17, 0, 1, NULL, NULL),
(115, 'Se servir des codes utilisés dans les articles de dictionnaire.', 17, 0, 1, NULL, NULL),
(116, 'Utiliser avec aisance un dictionnaire.', 17, 0, 1, NULL, NULL),
(117, 'Transformer une phrase simple affirmative en phrase négative ou interrogative, ou inversement.', 19, 0, 1, NULL, NULL),
(118, 'Identifier le verbe conjugué dans une phrase simple et fournir son infinitif.', 19, 0, 1, NULL, NULL),
(119, 'Construire correctement des phrases négatives, interrogatives, injonctives.', 19, 0, 1, NULL, NULL),
(120, 'Identifier les verbes conjugués dans des phrases complexes et fournir leurs infinitifs.', 19, 0, 1, NULL, NULL),
(121, 'Construire correctement des phrases exclamatives.', 19, 0, 1, NULL, NULL),
(122, 'Comprendre la distinction entre phrase simple et phrase complexe.', 19, 0, 1, NULL, NULL),
(123, 'Reconnaître des propositions indépendantes coordonnées, juxtaposées.', 19, 0, 1, NULL, NULL),
(124, 'Reconnaître la proposition relative (seulement la relative complément de nom).', 19, 0, 1, NULL, NULL),
(125, 'Distinguer selon sa nature le verbe,', 20, 0, 1, NULL, NULL),
(126, 'Distinguer selon sa nature le nom (propre / commun),', 20, 0, 1, NULL, NULL),
(127, 'Distinguer selon leur nature les articles, ', 20, 0, 1, NULL, NULL),
(128, 'Distinguer selon leur nature les déterminants possessifs, ', 20, 0, 1, NULL, NULL),
(129, 'Distinguer selon leur nature les pronoms personnels (formes sujet), ', 20, 0, 1, NULL, NULL),
(130, 'Distinguer selon leur nature les adjectifs qualificatifs.', 20, 0, 1, NULL, NULL),
(131, 'Approche de l’adverbe : modifier le sens d’un verbe en lui ajoutant un adverbe, ', 20, 0, 1, NULL, NULL),
(132, 'Approche de l’adverbe : relier des phrases simples par des mots de liaison temporelle (ex. les adverbes puis, alors...).', 20, 0, 1, NULL, NULL),
(133, 'Distinguer selon leur nature les mots des classes déjà connues, ', 20, 0, 1, NULL, NULL),
(134, 'Distinguer selon leur nature les déterminants démonstratifs, interrogatifs,', 20, 0, 1, NULL, NULL),
(135, 'Distinguer selon leur nature les pronoms personnels (sauf en, y),', 20, 0, 1, NULL, NULL),
(136, 'Distinguer selon leur nature les pronoms relatifs (qui, que),', 20, 0, 1, NULL, NULL),
(137, 'Distinguer selon leur nature les adverbes (de lieu, de temps, de manière),', 20, 0, 1, NULL, NULL),
(138, 'Distinguer selon leur nature les négations.', 20, 0, 1, NULL, NULL),
(139, 'Distinguer selon leur nature les mots des classes déjà connues, ', 20, 0, 1, NULL, NULL),
(140, 'Distinguer selon leur nature les pronoms possessifs, démonstratifs, interrogatifs et relatifs,', 20, 0, 1, NULL, NULL),
(141, 'Distinguer selon leur nature les mots de liaison (conjonctions de coordination, adverbes ou locutions adverbiales exprimant le temps, le lieu, la cause et la conséquence),', 20, 0, 1, NULL, NULL),
(142, 'Distinguer selon leur nature les prépositions (lieu, temps).', 20, 0, 1, NULL, NULL),
(143, 'Connaître la distinction entre article défini et article indéfini et en comprendre le sens.', 20, 0, 1, NULL, NULL),
(144, 'Reconnaître la forme élidée et les formes contractées de l’article défini.', 20, 0, 1, NULL, NULL),
(145, 'Reconnaître et utiliser les degrés de l’adjectif et de l’adverbe (comparatif, superlatif).', 20, 0, 1, NULL, NULL),
(146, 'Comprendre la différence entre la nature d’un mot et sa fonction.', 21, 0, 1, NULL, NULL),
(147, 'Connaître la distinction entre compléments du verbe et compléments du nom.', 21, 0, 1, NULL, NULL),
(148, 'Dans une phrase simple où l’ordre sujet-verbe est respecté identifier le verbe et le sujet (sous forme d’un nom propre, d’un groupe nominal ou d’un pronom personnel),', 21, 0, 1, NULL, NULL),
(149, 'Dans une phrase simple où l’ordre sujet-verbe est respecté reconnaître le complément d’objet (direct et indirect) du verbe,', 21, 0, 1, NULL, NULL),
(150, 'Dans une phrase simple où l’ordre sujet-verbe est respecté reconnaître le complément du nom.', 21, 0, 1, NULL, NULL),
(151, 'Approche de la circonstance : savoir répondre oralement aux questions où ?, quand ?, comment ?, pourquoi ?', 21, 0, 1, NULL, NULL),
(152, 'Le groupe nominal : comprendre la fonction de ses éléments : le nom (noyau du groupe nominal), le déterminant (article, déterminant possessif) qui le détermine, l’adjectif qualificatif qui le qualifie, le nom qui le complète,', 21, 0, 1, NULL, NULL),
(153, 'Le groupe nominal : manipuler l’adjectif et le complément de nom (ajout, suppression, substitution de l’un à l’autre...)', 21, 0, 1, NULL, NULL),
(154, 'Dans une phrase simple où l’ordre sujet-verbe est respecté identifier le verbe et le sujet (nom propre, groupe nominal, pronom personnel, pronom relatif),', 21, 0, 1, NULL, NULL),
(155, 'Dans une phrase simple où l’ordre sujet-verbe est respecté reconnaître le complément d’objet second,', 21, 0, 1, NULL, NULL),
(156, 'Dans une phrase simple où l’ordre sujet-verbe est respecté reconnaître les compléments circonstanciels de lieu, de temps,', 21, 0, 1, NULL, NULL),
(157, 'Dans une phrase simple où l’ordre sujet-verbe est respecté reconnaître l’attribut du sujet.', 21, 0, 1, NULL, NULL),
(158, 'Comprendre la notion de circonstance : la différence entre complément d’objet et complément circonstanciel (manipulations).', 21, 0, 1, NULL, NULL),
(159, 'Le groupe nominal : manipulation de la proposition relative (ajout, suppression, substitution à l’adjectif ou au complément de nom et inver sement).', 21, 0, 1, NULL, NULL),
(160, 'Connaître les fonctions de l’adjectif qualificatif : épithète, attribut du sujet.', 21, 0, 1, NULL, NULL),
(161, 'Comprendre la distinction entre compléments essentiels (complément d’objet), et compléments circonstanciels (manipulations).', 21, 0, 1, NULL, NULL),
(162, 'Comprendre la notion de groupe nominal : l’adjectif qualificatif épithète, le complément de nom et la proposition relative comme enrichissements du nom.', 21, 0, 1, NULL, NULL),
(163, 'Comprendre les notions d’action passée, présente, future.', 22, 0, 1, NULL, NULL),
(164, 'Connaître les personnes, les règles de formation et les terminaisons des temps simples étudiés (présent, futur, imparfait).', 22, 0, 1, NULL, NULL),
(165, 'Conjuguer les verbes des premier et deuxième groupes, ainsi qu’être, avoir, aller, dire, faire, pouvoir, partir, prendre, venir, voir, vouloir à l’indicatif présent, ', 22, 0, 1, NULL, NULL),
(166, 'Conjuguer les verbes des premier et deuxième groupes, ainsi qu’être, avoir, aller, dire, faire, pouvoir, partir, prendre, venir, voir, vouloir à l’indicatif futur,', 22, 0, 1, NULL, NULL),
(167, 'Conjuguer les verbes des premier et deuxième groupes, ainsi qu’être, avoir, aller, dire, faire, pouvoir, partir, prendre, venir, voir, vouloir à l’indicatif imparfait.', 22, 0, 1, NULL, NULL),
(168, 'Repérer dans un texte l’infinitif d’un verbe étudié.', 22, 0, 1, NULL, NULL),
(169, 'Comprendre la notion d’antériorité d’un fait passé par rapport à un fait présent.', 22, 0, 1, NULL, NULL),
(170, 'Connaître la distinction entre temps simple et temps composé, ', 22, 0, 1, NULL, NULL),
(171, 'Connaître la règle de formation des temps composés (passé composé),', 22, 0, 1, NULL, NULL),
(172, 'Connaître la notion d’auxiliaire.', 22, 0, 1, NULL, NULL),
(173, 'Conjuguer les verbes déjà étudiés aux temps déjà étudiés, ', 22, 0, 1, NULL, NULL),
(174, 'Conjuguer les verbes déjà étudiés à l’indicatif passé simple,', 22, 0, 1, NULL, NULL),
(175, 'Conjuguer les verbes déjà étudiés au passé composé,', 22, 0, 1, NULL, NULL),
(176, 'Conjuguer les verbes déjà étudiés à l’impératif présent.', 22, 0, 1, NULL, NULL),
(177, 'Conjuguer des verbes non étudiés en appliquant les règles apprises.', 22, 0, 1, NULL, NULL),
(178, 'Comprendre la notion d’antériorité relative d’un fait passé par rapport à un autre, d’un fait futur par rapport à un autre.', 22, 0, 1, NULL, NULL),
(179, 'Conjuguer les verbes déjà étudiés aux temps et modes déjà étudiés, ', 22, 0, 1, NULL, NULL),
(180, 'Conjuguer les verbes déjà étudiés à l’indicatif futur antérieur,', 22, 0, 1, NULL, NULL),
(181, 'Conjuguer les verbes déjà étudiés plus-que-parfait,', 22, 0, 1, NULL, NULL),
(182, 'Conjuguer les verbes déjà étudiés conditionnel présent,', 22, 0, 1, NULL, NULL),
(183, 'Conjuguer les verbes déjà étudiés au participe présent et passé.', 22, 0, 1, NULL, NULL),
(184, 'Conjuguer des verbes non étudiés en appliquant les règles apprises.', 22, 0, 1, NULL, NULL),
(185, 'Connaître les règles de l’accord du verbe avec son sujet ; ', 23, 0, 1, NULL, NULL),
(186, 'Connaître les règles de l’accord entre déterminant et nom, nom et adjectif.', 23, 0, 1, NULL, NULL),
(187, 'Connaître la règle de l’accord du participe passé dans les verbes construits avec être (non compris les verbes pronominaux).', 23, 0, 1, NULL, NULL),
(188, 'Connaître la règle de l’accord de l’adjectif (épithète ou attribut) avec le nom.', 23, 0, 1, NULL, NULL),
(189, 'Connaître la règle de l’accord du participe passé dans les verbes construits avec être et avoir (cas du complément d’objet direct posé après le verbe).', 23, 0, 1, NULL, NULL),
(190, 'Écrire sans erreur sous la dictée un texte d’au moins cinq lignes en mobilisant les connaissances acquises en vocabulaire, grammaire et orthographe.', 24, 0, 1, NULL, NULL),
(191, 'Écrire sans erreur sous la dictée un texte d’une dizaine de lignes en mobilisant les connaissances acquises.', 24, 0, 1, NULL, NULL),
(192, 'Écrire sans erreur sous la dictée un texte d’au moins dix lignes en mobilisant les connaissances acquises.', 24, 0, 1, NULL, NULL),
(193, 'Respecter les correspondances entre lettres et sons.', 25, 0, 1, NULL, NULL),
(194, 'Respecter la valeur des lettres en fonction des voyelles placées à proximité (s/ss, c/ç, c/qu, g/gu/ge).', 25, 0, 1, NULL, NULL),
(195, 'Respecter la valeur des lettres en fonction de la consonne suivante (n devenant m devant m, b, p).', 25, 0, 1, NULL, NULL),
(196, 'Utiliser sans erreur les accents (é, è, ê).', 25, 0, 1, NULL, NULL),
(197, 'Écrire sans erreur les pluriels des noms se terminant par s, x, z ; par -al, par -ou.', 26, 0, 1, NULL, NULL),
(198, 'Utiliser sans erreur les marques du pluriel et du féminin des adjectifs.', 26, 0, 1, NULL, NULL),
(199, 'Écrire sans erreur les formes des verbes étudiés aux temps étudiés, sans confondre, en particulier, les terminaisons (-e, - es, - ent ; - ons et -ont ; - ez, - ais, - ait et -aient ; - ras, - ra).', 26, 0, 1, NULL, NULL),
(200, 'Appliquer la règle de l’accord du verbe avec le sujet (y compris pronom personnel) dans les phrases où l’ordre sujet-verbe est respecté, et où le verbe est à un temps simple.', 26, 0, 1, NULL, NULL),
(201, 'Accorder sans erreur le déterminant et le nom, le nom et l’adjectif (épithète).', 26, 0, 1, NULL, NULL),
(202, 'Écrire sans erreur des homophones grammaticaux en liaison avec le programme de grammaire (a/à, ont/on, est/et, sont/son)', 26, 0, 1, NULL, NULL),
(203, 'Écrire sans erreur le pluriel des noms se terminant par -eu, par -eau.', 26, 0, 1, NULL, NULL),
(204, 'Le pluriel des noms en -au, -ail est en cours d’acquisition.', 26, 0, 1, NULL, NULL),
(205, 'Écrire sans erreur les formes des verbes étudiés aux temps étudiés, dont les verbes du premier groupe en -cer, - ger, - guer.', 26, 0, 1, NULL, NULL),
(206, 'Appliquer la règle de l’accord du verbe avec son sujet, y compris pour les verbes à un temps composé, et pour les sujets inversés.', 26, 0, 1, NULL, NULL),
(207, 'Appliquer la règle de l’accord du participe passé avec être et avoir (cas du complément d’objet direct postposé).', 26, 0, 1, NULL, NULL),
(208, 'Accorder sans erreur l’adjectif (épithète, apposé et attribut du sujet) avec le nom.', 26, 0, 1, NULL, NULL),
(209, 'Écrire sans erreur les homophones grammaticaux déjà étudiés, ainsi que ses/ces, mes/mais, on/on n’, ce/se, c’/s’ (c’est/s’est, c’était/s’était), ou/où, la/l’a/l’as/là.', 26, 0, 1, NULL, NULL),
(210, 'Écrire sans erreur les infinitifs de verbes du premier groupe après préposition (il me dit d’aller).', 26, 0, 1, NULL, NULL),
(211, 'Orthographier correctement les verbes étudiés aux temps étudiés, dont les verbes du premier groupe en -yer, - eter, - eler.', 26, 0, 1, NULL, NULL),
(212, 'Appliquer la règle de l’accord du verbe avec son sujet, y compris avec le sujet qui de 3ème personne.', 26, 0, 1, NULL, NULL),
(213, 'Écrire sans erreur les homophones grammaticaux déjà étudiés, ainsi que on/on n’, d’on/dont/donc, quel(s)/quelle(s)/qu’elle(s), sans/s’en ; la distinction entre leur et leurs est en cours d’acquisition en fin de cycle.', 26, 0, 1, NULL, NULL),
(214, 'Distinguer par le sens les formes verbales homophones de l’imparfait et du passé composé.', 26, 0, 1, NULL, NULL),
(215, 'Écrire sans erreur des noms et des adjectifs se terminant par une consonne muette (ex. chant, cf. chanteur ; blond, cf. blonde...).', 27, 0, 1, NULL, NULL),
(216, 'Écrire sans erreur les mots mémorisés et régulièrement révisés, en particulier les mots invariables acquis aux CP et CE1, des mots fréquents, des mots référents pour des sons.', 27, 0, 1, NULL, NULL),
(217, 'Connaître la notion d’homonyme et écrire sans erreur un nombre croissant d’homonymes jusqu’à la fin du cycle.', 27, 0, 1, NULL, NULL),
(218, 'Écrire sans erreur des mots invariables, en particulier les plus fréquents de ceux étudiés en grammaire.', 27, 0, 1, NULL, NULL),
(219, 'S’appuyer sur sa connaissance des familles de mot pour écrire sans erreur des mots nouveaux (préfixe in-, im-, il- ou ir-, suffixe -tion...).', 27, 0, 1, NULL, NULL),
(220, 'Mémoriser la graphie de la syllabe finale des noms terminés par -ail, -eil, -euil.', 27, 0, 1, NULL, NULL),
(221, 'Écrire correctement (doublement de la consonne) le début des mots commençant par ap-, ac-, af-, ef- et of-.', 27, 0, 1, NULL, NULL),
(222, 'Écrire correctement la syllabe finale des noms terminés par -ée ; par -té ou -tié ; par un e muet.', 27, 0, 1, NULL, NULL),
(223, 'Respecter la convention de la coupe syllabique à la ligne.', 27, 0, 1, NULL, NULL),
(224, 'Connaître, savoir écrire et nommer les nombres entiers jusqu’au million.', 30, 0, 1, NULL, NULL),
(225, 'Comparer, ranger, encadrer ces nombres.', 30, 0, 1, NULL, NULL),
(226, 'Connaître et utiliser des expressions telles que : double, moitié ou demi, triple, quart d’un nombre entier.', 30, 0, 1, NULL, NULL),
(227, 'Connaître et utiliser certaines relations entre des nombres d’usage courant : entre 5, 10, 25, 50, 100, entre 15, 30 et 60.', 30, 0, 1, NULL, NULL),
(228, 'Connaître, savoir écrire et nommer les nombres entiers jusqu’au milliard.', 31, 0, 1, NULL, NULL),
(229, 'Comparer, ranger, encadrer ces nombres.', 31, 0, 1, NULL, NULL),
(230, 'La notion de multiple : reconnaître les multiples des nombres d’usage courant : 5, 10, 15, 20, 25, 50.', 31, 0, 1, NULL, NULL),
(231, 'Nommer les fractions simples et décimales en utilisant le vocabulaire : demi, tiers, quart, dixième, centième.', 32, 0, 1, NULL, NULL),
(232, 'Utiliser ces fractions dans des cas simples de partage ou de codage de mesures de grandeurs.', 32, 0, 1, NULL, NULL),
(233, 'Encadrer une fraction simple par deux entiers consécutifs.', 32, 0, 1, NULL, NULL),
(234, 'Écrire une fraction sous forme de somme d’un entier et d’une fraction inférieure à 1.', 32, 0, 1, NULL, NULL),
(235, 'Ajouter deux fractions décimales ou deux fractions simples de même dénominateur.', 32, 0, 1, NULL, NULL),
(236, 'Connaître la valeur de chacun des chiffres de la partie décimale en fonction de sa position (jusqu’au 1/100ème).', 33, 0, 1, NULL, NULL),
(237, 'Savoir repérer les nombre décimaux, les placer sur une droite graduée,', 33, 0, 1, NULL, NULL),
(238, 'Savoir comparer  les nombre décimaux, les ranger,', 33, 0, 1, NULL, NULL),
(239, 'Savoir encadrer les nombre décimaux par deux nombres entiers consécutifs,', 33, 0, 1, NULL, NULL),
(240, 'Savoir passer d’une écriture fractionnaire à une écriture à virgule et réciproquement.', 33, 0, 1, NULL, NULL),
(241, 'Connaître la valeur de chacun des chiffres de la partie décimale en fonction de sa position (jusqu’au 1/10 000ème).', 33, 0, 1, NULL, NULL),
(242, 'Savoir repérer les nombres décimaux, les placer sur une droite graduée en conséquence, ', 33, 0, 1, NULL, NULL),
(243, 'Savoir comparer les nombres décimaux, les ranger,', 33, 0, 1, NULL, NULL),
(244, 'Savoir produire des décompositions liées à une écriture à virgule, en utilisant 10 ; 100 ; 1 000... et 0,1 ; 0,01 ; 0,001...', 33, 0, 1, NULL, NULL),
(245, 'Donner une valeur approchée à l’unité près, au dixième ou au centième près.', 33, 0, 1, NULL, NULL),
(246, 'Mémoriser et mobiliser les résultats des tables d’addition et de multiplication.', 35, 0, 1, NULL, NULL),
(247, 'Calculer mentalement des sommes, des différences, des produits.', 35, 0, 1, NULL, NULL),
(248, 'Consolider les connaissances et capacités en calcul mental sur les nombres entiers.', 35, 0, 1, NULL, NULL),
(249, 'Multiplier mentalement un nombre entier ou décimal par 10, 100, 1 000.', 35, 0, 1, NULL, NULL),
(250, 'Estimer mentalement un ordre de grandeur du résultat.', 35, 0, 1, NULL, NULL),
(251, 'Consolider les connaissances et capacités en calcul mental sur les nombres entiers et décimaux.', 35, 0, 1, NULL, NULL),
(252, 'Diviser un nombre entier ou décimal par 10, 100, 1 000.', 35, 0, 1, NULL, NULL),
(253, 'Addition, soustraction et multiplication.', 36, 0, 1, NULL, NULL),
(254, 'Connaître une technique opératoire de la division et la mettre en œuvre avec un diviseur à un chiffre.', 36, 0, 1, NULL, NULL),
(255, 'Organiser ses calculs pour trouver un résultat par calcul mental, posé, où à l’aide de la calculatrice.', 36, 0, 1, NULL, NULL),
(256, 'Utiliser les touches des opérations de la calculatrice.', 36, 0, 1, NULL, NULL),
(257, 'Addition et soustraction de deux nombres décimaux.', 36, 0, 1, NULL, NULL),
(258, 'Multiplication d’un nombre décimal par un nombre entier.', 36, 0, 1, NULL, NULL),
(259, 'Division euclidienne de deux entiers.', 36, 0, 1, NULL, NULL),
(260, 'Division décimale de deux entiers.', 36, 0, 1, NULL, NULL),
(261, 'Connaître quelques fonctionnalités de la calculatrice utiles pour effectuer une suite de calculs.', 36, 0, 1, NULL, NULL),
(262, 'Addition, soustraction, multiplication de deux nombres entiers ou décimaux.', 36, 0, 1, NULL, NULL),
(263, 'Division d’un nombre décimal par un nombre entier.', 36, 0, 1, NULL, NULL),
(264, 'Utiliser sa calculatrice à bon escient.', 36, 0, 1, NULL, NULL),
(265, 'Résoudre des problèmes relevant des quatre opérations.', 37, 0, 1, NULL, NULL),
(266, 'Résoudre des problèmes engageant une démarche à une ou plusieurs étapes.', 37, 0, 1, NULL, NULL),
(267, 'Résoudre des problèmes de plus en plus complexes.', 37, 0, 1, NULL, NULL),
(268, 'Reconnaître, décrire, nommer et reproduire, tracer des figures géométriques : carré, rectangle, losange, triangle rectangle.', 39, 0, 1, NULL, NULL),
(269, 'Vérifier la nature d’une figure plane en utilisant la règle graduée et l’équerre.', 39, 0, 1, NULL, NULL),
(270, 'Construire un cercle avec un compas.', 39, 0, 1, NULL, NULL),
(271, 'Utiliser en situation le vocabulaire : côté, sommet, angle, milieu.', 39, 0, 1, NULL, NULL),
(272, 'Reconnaître qu’une figure possède un ou plusieurs axes de symétrie, par pliage ou à l’aide du papier calque.', 39, 0, 1, NULL, NULL),
(273, 'Tracer, sur papier quadrillé, la figure symétrique d’une figure donnée par rapport à une droite donnée.', 39, 0, 1, NULL, NULL),
(274, 'Reconnaître que des droites sont parallèles.', 39, 0, 1, NULL, NULL),
(275, 'Utiliser en situation le vocabulaire géométrique : points alignés, droite, droites perpendiculaires, droites parallèles, segment, milieu, angle, axe de symétrie, centre d’un cercle, rayon, diamètre.', 39, 0, 1, NULL, NULL),
(276, 'Vérifier la nature d’une figure plane simple en utilisant la règle graduée, l’équerre, le compas.', 39, 0, 1, NULL, NULL),
(277, 'Décrire une figure en vue de l’identifier parmi d’autres figures ou de la faire reproduire.', 39, 0, 1, NULL, NULL),
(278, 'Utiliser les instruments pour vérifier le parallélisme de deux droites (règle et équerre) et pour tracer des droites parallèles.', 39, 0, 1, NULL, NULL),
(279, 'Vérifier la nature d’une figure en ayant recours aux instruments.', 39, 0, 1, NULL, NULL),
(280, 'Construire une hauteur d’un triangle.', 39, 0, 1, NULL, NULL),
(281, 'Reproduire un triangle à l’aide d’instruments.', 39, 0, 1, NULL, NULL),
(282, 'Reconnaître, décrire et nommer : un cube, un pavé droit.', 40, 0, 1, NULL, NULL),
(283, 'Utiliser en situation le vocabulaire : face, arête, sommet.', 40, 0, 1, NULL, NULL),
(284, 'Reconnaître, décrire et nommer les solides droits : cube, pavé, prisme.', 40, 0, 1, NULL, NULL),
(285, 'Reconnaître ou compléter un patron de cube ou de pavé.', 40, 0, 1, NULL, NULL),
(286, 'Reconnaître, décrire et nommer les solides droits : cube, pavé, cylindre, prisme.', 40, 0, 1, NULL, NULL),
(287, 'Reconnaître ou compléter un patron de solide droit.', 40, 0, 1, NULL, NULL),
(288, 'Reproduire des figures (sur papier uni, quadrillé ou pointé), à partir d’un modèle.', 41, 0, 1, NULL, NULL),
(289, 'Construire un carré ou un rectangle de dimensions données.', 41, 0, 1, NULL, NULL),
(290, 'Compléter une figure par symétrie axiale.', 41, 0, 1, NULL, NULL),
(291, 'Tracer une figure simple à partir d’un programme de construction ou en suivant des consignes.', 41, 0, 1, NULL, NULL),
(292, 'Tracer une figure (sur papier uni, quadrillé ou pointé), à partir d’un programme de construction ou d’un dessin à main levée (avec des indications relatives aux propriétés et aux dimensions).', 41, 0, 1, NULL, NULL),
(293, 'Connaître les unités de longueurs et les relations qui les lient : le mètre, le kilomètre, le centimètre, le millimètre ;', 42, 0, 1, NULL, NULL),
(294, 'Connaître les unités de masses et les relations qui les lient : le kilogramme, le gramme ;', 42, 0, 1, NULL, NULL),
(295, 'Connaître les unités de capacités et les relations qui les lient : le litre, le centilitre ;', 42, 0, 1, NULL, NULL),
(296, 'Connaître les unités de monnaies et les relations qui les lient : l’euro et le centime ;', 42, 0, 1, NULL, NULL),
(297, 'Connaître les unités de temps et les relations qui les lient : l’heure, la minute, la seconde, le mois, l’année.', 42, 0, 1, NULL, NULL),
(298, 'Utiliser des instruments pour mesurer des longueurs, des masses, des capacités.', 42, 0, 1, NULL, NULL),
(299, 'Exprimer cette mesure par un nombre entier ou un encadrement par deux nombres entiers.', 42, 0, 1, NULL, NULL),
(300, 'Vérifier qu’un angle est droit en utilisant l’équerre ou un gabarit.', 42, 0, 1, NULL, NULL),
(301, 'Calculer le périmètre d’un polygone.', 42, 0, 1, NULL, NULL),
(302, 'Lire l’heure sur une montre à aiguilles ou une horloge.', 42, 0, 1, NULL, NULL),
(303, 'Connaître et utiliser les unités usuelles de mesure des durées, ', 42, 0, 1, NULL, NULL),
(304, 'Connaître et utiliser les unités du système métrique pour les longueurs, les masses et les contenances, et leurs relations.', 42, 0, 1, NULL, NULL),
(305, 'Reporter des longueurs à l’aide du compas.', 42, 0, 1, NULL, NULL),
(306, 'Formules du périmètre du carré et du rectangle.', 42, 0, 1, NULL, NULL),
(307, 'Calculer une durée à partir de la donnée de l’instant initial et de l’instant final.', 42, 0, 1, NULL, NULL),
(308, 'Formule de la longueur d’un cercle.', 42, 0, 1, NULL, NULL),
(309, 'Formule du volume du pavé droit (initiation à l’utilisation d’unités métriques de volume).', 42, 0, 1, NULL, NULL),
(310, 'Mesurer ou estimer l’aire d’une surface grâce à un pavage effectif à l’aide d’une surface de référence ou grâce à l’utilisation d’un réseau quadrillé.', 43, 0, 1, NULL, NULL),
(311, 'Classer et ranger des surfaces selon leur aire.', 43, 0, 1, NULL, NULL),
(312, 'Calculer l’aire d’un carré, d’un rectangle, d’un triangle en utilisant la formule appropriée.', 43, 0, 1, NULL, NULL),
(313, 'Connaître et utiliser les unités d’aire usuelles (cm2, m2 et km2).', 43, 0, 1, NULL, NULL),
(314, 'Comparer les angles d’une figure en utilisant un gabarit.', 44, 0, 1, NULL, NULL),
(315, 'Estimer et vérifier en utilisant l’équerre, qu’un angle est droit, aigu ou obtus.', 44, 0, 1, NULL, NULL),
(316, 'Reproduire un angle donné en utilisant un gabarit.', 44, 0, 1, NULL, NULL),
(317, 'Résoudre des problèmes dont la résolution implique les grandeurs ci-dessus.', 45, 0, 1, NULL, NULL),
(318, 'Résoudre des problèmes dont la résolution implique éventuellement des conversions.', 45, 0, 1, NULL, NULL),
(319, 'Résoudre des problèmes dont la résolution implique des conversions.', 45, 0, 1, NULL, NULL),
(320, 'Résoudre des problèmes dont la résolution implique simultanément des unités différentes de mesure.', 45, 0, 1, NULL, NULL),
(321, 'Savoir organiser les données d’un problème en vue de sa résolution.', 46, 0, 1, NULL, NULL),
(322, 'Utiliser un tableau ou un graphique en vue d’un traitement des données.', 46, 0, 1, NULL, NULL),
(323, 'Construire un tableau ou un graphique.', 46, 0, 1, NULL, NULL),
(324, 'Interpréter un tableau ou un graphique.', 46, 0, 1, NULL, NULL),
(325, 'Lire les coordonnées d’un point.', 46, 0, 1, NULL, NULL),
(326, 'Placer un point dont on connaît les coordonnées.', 46, 0, 1, NULL, NULL),
(327, 'Utiliser un tableau ou la “règle de trois” dans des situations très simples de proportionnalité.', 46, 0, 1, NULL, NULL),
(328, 'Résoudre des problèmes relevant de la proportionnalité, en utilisant des procédures variées (dont la “règle de trois”), et notamment des problèmes relatifs aux pourcentages, ', 46, 0, 1, NULL, NULL),
(329, 'Résoudre des problèmes relevant de la proportionnalité, en utilisant des procédures variées (dont la “règle de trois”), et notamment des problèmes relatifs aux échelles,', 46, 0, 1, NULL, NULL),
(330, 'Résoudre des problèmes relevant de la proportionnalité, en utilisant des procédures variées (dont la “règle de trois”), et notamment des problèmes relatifs aux vitesses moyennes', 46, 0, 1, NULL, NULL),
(331, 'Résoudre des problèmes relevant de la proportionnalité, en utilisant des procédures variées (dont la “règle de trois”), et notamment des problèmes relatifs aux conversions d’unité,', 46, 0, 1, NULL, NULL);

--
-- Contenu de la table `items_levels`
--

INSERT INTO `items_levels` (`id`, `item_id`, `level_id`) VALUES
(1, 1, 4),
(2, 2, 4),
(3, 3, 4),
(4, 4, 4),
(5, 5, 5),
(6, 6, 4),
(7, 7, 4),
(8, 8, 5),
(9, 9, 5),
(10, 10, 5),
(11, 11, 5),
(12, 12, 6),
(13, 13, 6),
(14, 14, 6),
(15, 15, 6),
(16, 16, 6),
(17, 17, 4),
(18, 17, 5),
(19, 17, 6),
(20, 18, 4),
(21, 19, 4),
(22, 20, 4),
(23, 21, 4),
(24, 22, 4),
(25, 23, 4),
(26, 24, 4),
(27, 25, 4),
(28, 26, 4),
(29, 27, 4),
(30, 28, 4),
(31, 29, 5),
(32, 30, 5),
(33, 30, 6),
(34, 31, 5),
(35, 32, 5),
(36, 33, 5),
(37, 34, 5),
(38, 35, 5),
(39, 36, 5),
(40, 37, 5),
(41, 38, 5),
(42, 39, 6),
(43, 40, 6),
(44, 41, 6),
(45, 42, 6),
(46, 43, 6),
(47, 44, 4),
(48, 45, 4),
(49, 46, 4),
(50, 47, 4),
(51, 48, 5),
(52, 49, 5),
(53, 50, 5),
(54, 51, 5),
(55, 52, 6),
(56, 53, 6),
(57, 54, 6),
(58, 55, 6),
(59, 56, 6),
(60, 57, 6),
(61, 58, 4),
(62, 59, 4),
(63, 60, 5),
(64, 61, 6),
(65, 62, 4),
(66, 63, 4),
(67, 64, 4),
(68, 65, 4),
(69, 66, 4),
(70, 67, 4),
(71, 68, 4),
(72, 69, 4),
(73, 70, 5),
(74, 71, 5),
(75, 72, 5),
(76, 73, 5),
(77, 74, 5),
(78, 75, 5),
(79, 76, 6),
(80, 77, 6),
(81, 78, 6),
(82, 79, 6),
(83, 80, 6),
(84, 81, 6),
(85, 82, 4),
(86, 83, 4),
(87, 84, 4),
(88, 85, 5),
(89, 86, 6),
(90, 87, 6),
(91, 88, 4),
(92, 89, 4),
(93, 90, 4),
(94, 91, 4),
(95, 92, 5),
(96, 93, 5),
(97, 94, 5),
(98, 95, 5),
(99, 96, 6),
(100, 97, 6),
(101, 98, 6),
(102, 99, 6),
(103, 100, 4),
(104, 101, 5),
(105, 102, 5),
(106, 103, 5),
(107, 104, 5),
(108, 105, 6),
(109, 106, 6),
(110, 107, 6),
(111, 108, 6),
(112, 109, 4),
(113, 110, 4),
(114, 111, 4),
(115, 112, 4),
(116, 113, 5),
(117, 114, 5),
(118, 115, 5),
(119, 116, 6),
(120, 117, 4),
(121, 118, 4),
(122, 119, 5),
(123, 120, 5),
(124, 121, 6),
(125, 122, 6),
(126, 123, 6),
(127, 124, 6),
(128, 125, 4),
(129, 126, 4),
(130, 127, 4),
(131, 128, 4),
(132, 129, 4),
(133, 130, 4),
(134, 131, 4),
(135, 132, 4),
(136, 133, 5),
(137, 134, 5),
(138, 135, 5),
(139, 136, 5),
(140, 137, 5),
(141, 138, 5),
(142, 139, 6),
(143, 140, 6),
(144, 141, 6),
(145, 142, 6),
(146, 143, 6),
(147, 144, 6),
(148, 145, 6),
(149, 146, 4),
(150, 147, 4),
(151, 148, 4),
(152, 149, 4),
(153, 150, 4),
(154, 151, 4),
(155, 152, 4),
(156, 153, 4),
(157, 154, 5),
(158, 155, 5),
(159, 156, 5),
(160, 157, 5),
(161, 158, 5),
(162, 159, 5),
(163, 160, 5),
(164, 161, 6),
(165, 162, 6),
(166, 163, 4),
(167, 164, 4),
(168, 165, 4),
(169, 166, 4),
(170, 167, 4),
(171, 168, 4),
(172, 169, 5),
(173, 170, 5),
(174, 171, 5),
(175, 172, 5),
(176, 173, 5),
(177, 174, 5),
(178, 175, 5),
(179, 176, 5),
(180, 177, 5),
(181, 178, 6),
(182, 179, 6),
(183, 180, 6),
(184, 181, 6),
(185, 182, 6),
(186, 183, 6),
(187, 184, 6),
(188, 185, 4),
(189, 186, 4),
(190, 187, 5),
(191, 188, 5),
(192, 189, 6),
(193, 190, 4),
(194, 191, 5),
(195, 192, 6),
(196, 193, 4),
(197, 194, 4),
(198, 195, 4),
(199, 196, 4),
(200, 197, 4),
(201, 198, 4),
(202, 199, 4),
(203, 200, 4),
(204, 201, 4),
(205, 202, 4),
(206, 203, 5),
(207, 204, 5),
(208, 205, 5),
(209, 206, 5),
(210, 207, 5),
(211, 208, 5),
(212, 209, 5),
(213, 210, 5),
(214, 211, 6),
(215, 212, 6),
(216, 213, 6),
(217, 214, 6),
(218, 215, 4),
(219, 216, 4),
(220, 217, 4),
(221, 218, 5),
(222, 219, 5),
(223, 220, 5),
(224, 221, 6),
(225, 222, 6),
(226, 223, 6),
(227, 224, 4),
(228, 225, 4),
(229, 226, 4),
(230, 227, 4),
(231, 228, 5),
(232, 229, 5),
(233, 230, 5),
(234, 231, 5),
(235, 232, 5),
(236, 233, 6),
(237, 234, 6),
(238, 235, 6),
(239, 236, 5),
(240, 237, 5),
(241, 238, 5),
(242, 239, 5),
(243, 240, 6),
(244, 241, 6),
(245, 242, 6),
(246, 243, 6),
(247, 244, 6),
(248, 245, 6),
(249, 246, 4),
(250, 247, 4),
(251, 248, 5),
(252, 249, 5),
(253, 250, 5),
(254, 251, 6),
(255, 252, 6),
(256, 253, 4),
(257, 254, 4),
(258, 255, 4),
(259, 256, 4),
(260, 257, 5),
(261, 258, 5),
(262, 259, 5),
(263, 260, 5),
(264, 261, 5),
(265, 262, 6),
(266, 263, 6),
(267, 264, 6),
(268, 265, 4),
(269, 266, 5),
(270, 267, 6),
(271, 268, 4),
(272, 269, 4),
(273, 270, 4),
(274, 271, 4),
(275, 272, 4),
(276, 273, 4),
(277, 274, 5),
(278, 275, 5),
(279, 276, 5),
(280, 277, 5),
(281, 278, 6),
(282, 279, 6),
(283, 280, 6),
(284, 281, 6),
(285, 282, 4),
(286, 283, 4),
(287, 284, 5),
(288, 285, 5),
(289, 286, 6),
(290, 287, 6),
(291, 288, 4),
(292, 289, 4),
(293, 290, 5),
(294, 291, 5),
(295, 292, 6),
(296, 293, 4),
(297, 294, 4),
(298, 295, 4),
(299, 296, 4),
(300, 297, 4),
(301, 298, 4),
(302, 299, 4),
(303, 300, 4),
(304, 301, 4),
(305, 302, 4),
(306, 303, 5),
(307, 304, 5),
(308, 305, 5),
(309, 306, 5),
(310, 307, 6),
(311, 308, 6),
(312, 309, 6),
(313, 310, 5),
(314, 311, 5),
(315, 312, 6),
(316, 313, 6),
(317, 314, 5),
(318, 315, 5),
(319, 316, 6),
(320, 317, 4),
(321, 318, 5),
(322, 319, 6),
(323, 320, 6),
(324, 321, 4),
(325, 322, 4),
(326, 323, 5),
(327, 324, 5),
(328, 325, 5),
(329, 326, 5),
(330, 327, 5),
(331, 328, 6),
(332, 329, 6),
(333, 330, 6),
(334, 331, 6);

--
-- Contenu de la table `users`
--

INSERT INTO `users` (`id`, `username`, `password`, `first_name`, `name`, `email`, `role`, `created`, `yubikeyID`)
VALUES
	(1,'admin','bd64e192fd7074caa478754b3dadef39ade19bc9','Administrateur','de test','admin@test.me','admin','2011-07-30 00:00:00','');
	
--
-- Contenu de la table `years`
--
	
INSERT INTO `years` (`id`, `title`)
VALUES
	(1,'2012/2013'),
	(2,'2011/2012'),
	(3,'2013/2014');
	
--
-- Contenu de la table `settings`
--
	
INSERT INTO `settings` (`id`, `key`, `value`)
VALUES
	(1,'currentYear','3'),
	(2,'lastYear','1'),
	(3,'pathMysqldump',''),
	(4,'pathBackup',''),
	(5,'saveOnExit','0'),
	(6,'yubikeyClientId',''),
	(7,'yubikeySecretKey','');